{"cameraMode":{"drawMode":0,"name":"Shaded","section":"Shading Mode"},"sceneLighting":false,"audioPlay":false,"sceneViewState":{"m_AlwaysRefresh":false,"showFog":true,"showSkybox":true,"showFlares":true,"showImageEffects":true,"showParticleSystems":true,"showVisualEffectGraphs":true,"m_FxEnabled":true},"in2DMode":false,"pivot":{"x":-0.07655930519104004,"y":0.9597064256668091,"z":22.34940528869629},"rotation":{"x":0.17097854614257813,"y":-0.6239559650421143,"z":0.14241302013397218,"w":0.7491101026535034},"size":8.472373962402344,"orthographic":false}